Name,website,Phone,Acct Ext Id,Site,Billing Street,Billing City,Billing State,Billing Country,Billing Zip
Kayveo,https://www.Kayveo.com,651-847-4343,319977825325514491,ADD-1,38449 Mayer Terrace,Saint Paul,Minnesota,United States,55166
Thoughtsphere,https://www.Thoughtsphere.com,815-189-0256,866892442728318761,ADD-2,37379 Comanche Crossing,Joliet,Illinois,United States,60435
Trupe,https://www.Trupe.com,518-254-4866,084705175952234975,ADD-3,39040 Haas Center,Albany,New York,United States,12247
Quinu,https://www.Quinu.com,941-125-8600,880859272000243239,ADD-4,1 Moose Point,Bradenton,Florida,United States,34210
Midel,https://www.Midel.com,651-525-4327,518669098614383561,ADD-5,54619 Donald Center,Saint Paul,Minnesota,United States,55108
Fanoodle,https://www.Fanoodle.com,512-327-5352,669145377712244400,ADD-6,552 Hudson Terrace,Austin,Texas,United States,78721
Npath,https://www.Npath.com,913-697-1878,412297194516684926,ADD-7,37068 Monica Park,Shawnee Mission,Kansas,United States,66205
Aivee,https://www.Aivee.com,214-191-3701,771110621773214564,ADD-8,41657 Spenser Pass,Dallas,Texas,United States,75367
Oba,https://www.Oba.com,360-146-2449,833806921693942551,ADD-9,9732 Maryland Lane,Seattle,Washington,United States,98104
Skynoodle,https://www.Skynoodle.com,816-965-9206,442060313995405963,ADD-10,3655 Harper Alley,Kansas City,Missouri,United States,64101
Thoughtstorm,https://www.Thoughtstorm.com,423-777-2660,980120998671257087,ADD-11,14571 Mcbride Avenue,Kingsport,Tennessee,United States,37665
Podcat,https://www.Podcat.com,251-476-7345,350862434166957775,ADD-12,449 Shasta Street,Mobile,Alabama,United States,36616
Centidel,https://www.Centidel.com,216-613-7851,193586711019299580,ADD-13,1992 Homewood Circle,Cleveland,Ohio,United States,44118
Meejo,https://www.Meejo.com,937-573-5043,797006655599469172,ADD-14,54303 Grim Place,Dayton,Ohio,United States,45414
Jayo,https://www.Jayo.com,301-229-0514,356854088172493228,ADD-15,29455 Blackbird Place,Bethesda,Maryland,United States,20892
Livefish,https://www.Livefish.com,626-816-4059,016035486539867922,ADD-16,4 Bay Drive,Pasadena,California,United States,91131
Flashpoint,https://www.Flashpoint.com,702-196-5033,222288187657266803,ADD-17,27217 David Hill,Las Vegas,Nevada,United States,89193
Trupe,https://www.Trupe.com,352-699-4408,287038361817854263,ADD-18,07 Montana Street,Gainesville,Florida,United States,32605
Browsedrive,https://www.Browsedrive.com,316-647-3418,667152718954462316,ADD-19,818 Oakridge Drive,Wichita,Kansas,United States,67205
Eayo,https://www.Eayo.com,701-473-3077,706674456797069548,ADD-20,87 Kensington Way,Fargo,North Dakota,United States,58122